modelo,acertos_limpos,desfeitos_controle,casos_controle,desfeitos_frase,casos_frase
"Qwen3-8B (RTX 5090, referência)",2,1,4,6,12
LFM2.5-1.2B-Instruct,0,0,0,0,0
LFM2-2.6B,0,0,0,0,0
Qwen2.5-7B-Instruct,0,0,0,0,0
Qwen3-8B (rtxpro6000),3,1,6,8,18
Olmo-3-7B-Instruct,0,0,0,0,0
Qwen3-14B,2,1,4,4,12
Qwen2.5-14B-Instruct,2,1,4,7,12
phi-4,3,0,6,4,18
Mistral-Small-24B-Instruct-2501,4,2,8,10,24
gemma-4-31B-it,53,3,106,11,318
Qwen3-32B,5,0,10,8,30
Qwen2.5-32B-Instruct,8,1,16,11,48
Olmo-3.1-32B-Instruct,6,5,12,22,36
Qwen2.5-72B-Instruct,6,1,12,10,36
