modelo,acertos,problemas,acuracia,acertos_c0,acertos_c1,acertos_c2,sem_resposta,a_10pct,erro_rel_mediano
"Qwen3-8B (RTX 5090, referência)",2,90,0.0222,2,0,0,0,0.4000,0.1392
LFM2.5-1.2B-Instruct,0,90,0.0000,0,0,0,20,0.0556,0.5285
LFM2-2.6B,0,90,0.0000,0,0,0,2,0.0889,0.3553
Qwen2.5-7B-Instruct,0,90,0.0000,0,0,0,0,0.1556,0.2540
Qwen3-8B (rtxpro6000),3,90,0.0333,3,0,0,0,0.4444,0.1257
Olmo-3-7B-Instruct,0,90,0.0000,0,0,0,15,0.1444,0.2901
Qwen3-14B,2,90,0.0222,2,0,0,0,0.3778,0.1305
Qwen2.5-14B-Instruct,2,90,0.0222,1,1,0,0,0.4222,0.1430
phi-4,3,90,0.0333,2,1,0,0,0.5111,0.0973
Mistral-Small-24B-Instruct-2501,4,90,0.0444,0,3,1,0,0.4111,0.1189
gemma-4-31B-it,53,90,0.5889,19,18,16,0,0.9778,0.0000
Qwen3-32B,5,90,0.0556,4,1,0,0,0.5333,0.0908
Qwen2.5-32B-Instruct,8,90,0.0889,4,3,1,0,0.5333,0.0905
Olmo-3.1-32B-Instruct,6,90,0.0667,3,2,1,32,0.3444,0.0870
Qwen2.5-72B-Instruct,6,90,0.0667,5,1,0,0,0.7000,0.0672
