modelo,camadas,capturas,convergencia_rel,camada_escolha_rel,rank_final_mediano_gabarito,pct_gabarito_top5,desloc_ultima_ruido,desloc_ultima_prompt,desloc_ultima_raciocinio,desloc_raciocinio_dist_1a3k_chars
LFM2.5-1.2B-Instruct,16,72,0.9375,0.8125,22587.0000,0.0000,0.0182,0.0368,0.0691,0.0492
LFM2-2.6B,30,88,0.9667,0.7333,55.0000,25.0000,0.0207,0.0371,0.0845,0.0471
Qwen2.5-7B-Instruct,28,90,0.9643,0.7857,3.0000,63.3333,0.0215,0.0404,0.1293,0.1304
Qwen3-8B (rtxpro6000),36,90,0.9444,0.6667,2.0000,78.1609,0.0120,0.0232,0.1626,0.2074
Olmo-3-7B-Instruct,32,75,0.9375,0.5312,162.0000,0.0000,0.0145,0.0389,0.0515,0.0383
Qwen3-14B,40,90,0.9500,0.7750,3.0000,61.3636,0.0114,0.0206,0.1005,0.1080
Qwen2.5-14B-Instruct,48,90,0.9792,0.7604,4.0000,56.8182,0.0195,0.0495,0.1057,0.1024
phi-4,40,90,0.8750,0.5500,168.0000,16.0920,0.0174,0.0396,0.1652,0.1813
Mistral-Small-24B-Instruct-2501,40,90,0.9500,0.7250,2.0000,75.5814,0.0123,0.0266,0.0646,0.0727
gemma-4-31B-it,60,90,1.0000,0.7333,35.0000,16.2162,0.0088,0.0171,0.0160,0.0160
Qwen3-32B,64,90,0.9844,0.8281,3.0000,62.3529,0.0129,0.0290,0.0956,0.1019
Qwen2.5-32B-Instruct,64,90,0.9688,0.8125,4.5000,50.0000,0.0162,0.0351,0.1340,0.1428
Olmo-3.1-32B-Instruct,64,58,0.9297,0.4219,84.0000,5.7692,0.0160,0.0344,0.0455,0.0542
Qwen2.5-72B-Instruct,80,90,0.9750,0.9000,3.5000,57.1429,0.0130,0.0256,0.0473,0.0561
