modelo,desvio[control],n[control],desvio[prompt:estava_contando_1+1],n[prompt:estava_contando_1+1],p[prompt:estava_contando_1+1],desvio[prompt:parei_para_respirar],n[prompt:parei_para_respirar],p[prompt:parei_para_respirar],desvio[prompt:qual_o_valor],n[prompt:qual_o_valor],p[prompt:qual_o_valor],desvio[reasoning:control],n[reasoning:control],desvio[reasoning:estava_contando_1+1],n[reasoning:estava_contando_1+1],p[reasoning:estava_contando_1+1],desvio[reasoning:parei_para_respirar],n[reasoning:parei_para_respirar],p[reasoning:parei_para_respirar],desvio[reasoning:qual_o_valor],n[reasoning:qual_o_valor],p[reasoning:qual_o_valor],desvio[clean],n[clean],loops[reasoning:estava_contando_1+1]
"Qwen3-8B (RTX 5090, referência)",0.4000,90,0.6667,90,0.0006,0.6667,90,0.0006,0.6444,90,0.0017,0.2000,90,0.5333,90,0.0000,0.2333,90,0.7178,0.2444,90,0.5910,0.0000,90,25
LFM2.5-1.2B-Instruct,0.8571,70,0.9857,70,0.0088,0.9714,70,0.0307,1.0000,70,0.0014,0.4857,70,0.9143,70,0.0000,0.9143,70,0.0000,0.9571,70,0.0000,0.0000,90,46
LFM2-2.6B,0.7159,88,0.9205,88,0.0007,0.8977,88,0.0037,0.8409,88,0.0687,0.2159,88,0.5227,88,0.0000,0.5795,88,0.0000,0.4091,88,0.0089,0.0000,90,4
Qwen2.5-7B-Instruct,0.3889,90,0.7556,90,0.0000,0.7222,90,0.0000,0.8333,90,0.0000,0.2111,90,0.4556,90,0.0008,0.3556,90,0.0466,0.4556,90,0.0008,0.0000,90,0
Qwen3-8B (rtxpro6000),0.4111,90,0.7556,90,0.0000,0.7222,90,0.0000,0.7000,90,0.0002,0.2000,90,0.5222,90,0.0000,0.2444,90,0.5910,0.2556,90,0.4775,0.0000,90,27
Olmo-3-7B-Instruct,0.9333,75,0.9733,75,0.4419,0.9867,75,0.2092,0.9600,75,0.7190,0.5067,75,0.6800,75,0.0457,0.6667,75,0.0678,0.7067,75,0.0189,0.0000,90,5
Qwen3-14B,0.5667,90,0.7111,90,0.0622,0.6556,90,0.2845,0.6111,90,0.6496,0.1222,90,0.2333,90,0.0782,0.2222,90,0.1133,0.2222,90,0.1133,0.0000,90,2
Qwen2.5-14B-Instruct,0.2556,90,0.7778,90,0.0000,0.5000,90,0.0012,0.5444,90,0.0001,0.1000,90,0.3667,90,0.0000,0.2222,90,0.0413,0.2000,90,0.0936,0.0000,90,9
phi-4,0.4111,90,0.6556,90,0.0016,0.6778,90,0.0005,0.6667,90,0.0009,0.2111,90,0.3667,90,0.0320,0.3889,90,0.0143,0.4222,90,0.0037,0.0000,90,0
Mistral-Small-24B-Instruct-2501,0.2222,90,0.6556,90,0.0000,0.5444,90,0.0000,0.6667,90,0.0000,0.1556,90,0.2222,90,0.3412,0.1889,90,0.6935,0.2444,90,0.1917,0.0000,90,0
gemma-4-31B-it,0.0778,90,0.1111,90,0.6114,0.0667,90,1.0000,0.0778,90,1.0000,0.0111,90,0.0333,90,0.6208,0.0222,90,1.0000,0.0222,90,1.0000,0.0000,90,0
Qwen3-32B,0.5556,90,0.6889,90,0.0905,0.7444,90,0.0121,0.7444,90,0.0121,0.1000,90,0.3444,90,0.0001,0.2111,90,0.0628,0.2111,90,0.0628,0.0000,90,4
Qwen2.5-32B-Instruct,0.2333,90,0.5111,90,0.0002,0.3778,90,0.0517,0.5111,90,0.0002,0.1000,90,0.3111,90,0.0007,0.2556,90,0.0105,0.1778,90,0.1953,0.0000,90,0
Olmo-3.1-32B-Instruct,0.8793,58,0.8966,58,1.0000,0.8966,58,1.0000,0.9310,58,0.5281,0.4138,58,0.4828,58,0.5756,0.5862,58,0.0943,0.4655,58,0.7085,0.0000,90,4
Qwen2.5-72B-Instruct,0.0889,90,0.3000,90,0.0006,0.3444,90,0.0000,0.2556,90,0.0051,0.0556,90,0.2333,90,0.0011,0.1778,90,0.0185,0.1667,90,0.0307,0.0000,90,0
